﻿<s:Envelope xmlns:s="http://www.w3.org/2003/05/soap-envelope" xmlns:a="http://www.w3.org/2005/08/addressing" xmlns:u="http://docs.oasis-open.org/wss/2004/01/oasis-200401-wss-wssecurity-utility-1.0.xsd">
  <s:Header>
    <a:Action s:mustUnderstand="1">http://kps.nvi.gov.tr/2011/01/01/AksOkuTumIleBagliIlceServis/ListeleResponse</a:Action>
    <a:RelatesTo>urn:uuid:754effc7-2d18-4206-a9e3-813ffde6c0f5</a:RelatesTo>
    <o:Security s:mustUnderstand="1" xmlns:o="http://docs.oasis-open.org/wss/2004/01/oasis-200401-wss-wssecurity-secext-1.0.xsd">
      <u:Timestamp u:Id="_0">
        <u:Created>2011-04-25T19:44:09.993Z</u:Created>
        <u:Expires>2011-04-25T19:49:09.993Z</u:Expires>
      </u:Timestamp>
    </o:Security>
  </s:Header>
  <s:Body>
    <ListeleResponse xmlns="http://kps.nvi.gov.tr/2011/01/01">
      <ListeleResult xmlns:i="http://www.w3.org/2001/XMLSchema-instance">
        <HataBilgisi i:nil="true"/>
        <SorguSonucu>
          <Ilce>
            <Ad>AKYURT</Ad>
            <HataBilgisi i:nil="true"/>
            <IlKod>6</IlKod>
            <Kod>1872</Kod>
          </Ilce>
          <Ilce>
            <Ad>ALTINDAĞ</Ad>
            <HataBilgisi i:nil="true"/>
            <IlKod>6</IlKod>
            <Kod>1130</Kod>
          </Ilce>
          <Ilce>
            <Ad>AYAŞ</Ad>
            <HataBilgisi i:nil="true"/>
            <IlKod>6</IlKod>
            <Kod>1157</Kod>
          </Ilce>
          <Ilce>
            <Ad>BALA</Ad>
            <HataBilgisi i:nil="true"/>
            <IlKod>6</IlKod>
            <Kod>1167</Kod>
          </Ilce>
          <Ilce>
            <Ad>BEYPAZARI</Ad>
            <HataBilgisi i:nil="true"/>
            <IlKod>6</IlKod>
            <Kod>1187</Kod>
          </Ilce>
          <Ilce>
            <Ad>ÇAMLIDERE</Ad>
            <HataBilgisi i:nil="true"/>
            <IlKod>6</IlKod>
            <Kod>1227</Kod>
          </Ilce>
          <Ilce>
            <Ad>ÇANKAYA</Ad>
            <HataBilgisi i:nil="true"/>
            <IlKod>6</IlKod>
            <Kod>1231</Kod>
          </Ilce>
          <Ilce>
            <Ad>ÇUBUK</Ad>
            <HataBilgisi i:nil="true"/>
            <IlKod>6</IlKod>
            <Kod>1260</Kod>
          </Ilce>
          <Ilce>
            <Ad>ELMADAĞ</Ad>
            <HataBilgisi i:nil="true"/>
            <IlKod>6</IlKod>
            <Kod>1302</Kod>
          </Ilce>
          <Ilce>
            <Ad>ETİMESGUT</Ad>
            <HataBilgisi i:nil="true"/>
            <IlKod>6</IlKod>
            <Kod>1922</Kod>
          </Ilce>
          <Ilce>
            <Ad>EVREN</Ad>
            <HataBilgisi i:nil="true"/>
            <IlKod>6</IlKod>
            <Kod>1924</Kod>
          </Ilce>
          <Ilce>
            <Ad>GÖLBAŞI</Ad>
            <HataBilgisi i:nil="true"/>
            <IlKod>6</IlKod>
            <Kod>1744</Kod>
          </Ilce>
          <Ilce>
            <Ad>GÜDÜL</Ad>
            <HataBilgisi i:nil="true"/>
            <IlKod>6</IlKod>
            <Kod>1365</Kod>
          </Ilce>
          <Ilce>
            <Ad>HAYMANA</Ad>
            <HataBilgisi i:nil="true"/>
            <IlKod>6</IlKod>
            <Kod>1387</Kod>
          </Ilce>
          <Ilce>
            <Ad>KALECİK</Ad>
            <HataBilgisi i:nil="true"/>
            <IlKod>6</IlKod>
            <Kod>1427</Kod>
          </Ilce>
          <Ilce>
            <Ad>KAZAN</Ad>
            <HataBilgisi i:nil="true"/>
            <IlKod>6</IlKod>
            <Kod>1815</Kod>
          </Ilce>
          <Ilce>
            <Ad>KEÇİÖREN</Ad>
            <HataBilgisi i:nil="true"/>
            <IlKod>6</IlKod>
            <Kod>1745</Kod>
          </Ilce>
          <Ilce>
            <Ad>KIZILCAHAMAM</Ad>
            <HataBilgisi i:nil="true"/>
            <IlKod>6</IlKod>
            <Kod>1473</Kod>
          </Ilce>
          <Ilce>
            <Ad>MAMAK</Ad>
            <HataBilgisi i:nil="true"/>
            <IlKod>6</IlKod>
            <Kod>1746</Kod>
          </Ilce>
          <Ilce>
            <Ad>NALLIHAN</Ad>
            <HataBilgisi i:nil="true"/>
            <IlKod>6</IlKod>
            <Kod>1539</Kod>
          </Ilce>
          <Ilce>
            <Ad>POLATLI</Ad>
            <HataBilgisi i:nil="true"/>
            <IlKod>6</IlKod>
            <Kod>1578</Kod>
          </Ilce>
          <Ilce>
            <Ad>PURSAKLAR</Ad>
            <HataBilgisi i:nil="true"/>
            <IlKod>6</IlKod>
            <Kod>2034</Kod>
          </Ilce>
          <Ilce>
            <Ad>SİNCAN</Ad>
            <HataBilgisi i:nil="true"/>
            <IlKod>6</IlKod>
            <Kod>1747</Kod>
          </Ilce>
          <Ilce>
            <Ad>ŞEREFLİKOÇHİSAR</Ad>
            <HataBilgisi i:nil="true"/>
            <IlKod>6</IlKod>
            <Kod>1658</Kod>
          </Ilce>
          <Ilce>
            <Ad>YENİMAHALLE</Ad>
            <HataBilgisi i:nil="true"/>
            <IlKod>6</IlKod>
            <Kod>1723</Kod>
          </Ilce>
        </SorguSonucu>
      </ListeleResult>
    </ListeleResponse>
  </s:Body>
</s:Envelope>