﻿<s:Envelope xmlns:s="http://www.w3.org/2003/05/soap-envelope" xmlns:a="http://www.w3.org/2005/08/addressing" xmlns:u="http://docs.oasis-open.org/wss/2004/01/oasis-200401-wss-wssecurity-utility-1.0.xsd">
  <s:Header>
    <a:Action s:mustUnderstand="1">http://docs.oasis-open.org/ws-sx/ws-trust/200512/RST/Issue</a:Action>
    <a:MessageID>urn:uuid:68b5bc02-46e6-4771-b2f9-96876e0f2477</a:MessageID>
    <a:ReplyTo>
      <a:Address>http://www.w3.org/2005/08/addressing/anonymous</a:Address>
    </a:ReplyTo>
    <a:To s:mustUnderstand="1">https://kimlikdogrulama.nvi.gov.tr/services/issuer.svc/IWSTrust13</a:To>
    <o:Security s:mustUnderstand="1" xmlns:o="http://docs.oasis-open.org/wss/2004/01/oasis-200401-wss-wssecurity-secext-1.0.xsd">
      <u:Timestamp u:Id="_0">
        <u:Created>2011-04-25T19:44:31.528Z</u:Created>
        <u:Expires>2011-04-25T19:49:31.528Z</u:Expires>
      </u:Timestamp>
      <o:UsernameToken u:Id="uuid-a388cb10-46ab-48e5-9890-5103cc3dd20b-1">
        <o:Username>KullaniciAdi</o:Username>
        <o:Password Type="http://docs.oasis-open.org/wss/2004/01/oasis-200401-wss-username-token-profile-1.0#PasswordText">Parola</o:Password>
      </o:UsernameToken>
    </o:Security>
  </s:Header>
  <s:Body>
    <trust:RequestSecurityToken xmlns:trust="http://docs.oasis-open.org/ws-sx/ws-trust/200512">
      <wsp:AppliesTo xmlns:wsp="http://schemas.xmlsoap.org/ws/2004/09/policy">
        <a:EndpointReference>
          <a:Address>https://kpsv2.nvi.gov.tr/services/RoutingService.svc</a:Address>
        </a:EndpointReference>
      </wsp:AppliesTo>
      <trust:RequestType>http://docs.oasis-open.org/ws-sx/ws-trust/200512/Issue</trust:RequestType>
    </trust:RequestSecurityToken>
  </s:Body>
</s:Envelope>